,Artist,Track,Pandora Streams,Soundcloud Streams,Spotify Streams,YouTube Views
0,Drake,God's Plan,527043451.0,0.0,2529948475.0,2040639375.0
1,Drake,In My Feelings,344214850.0,0.0,1389607643.0,749282095.0
2,Drake,Laugh Now Cry Later (feat. Lil Durk),111165919.0,0.0,962634706.0,645367972.0
3,Drake,Nice For What,213646566.0,0.0,1276685592.0,516887687.0
4,Drake,Toosie Slide,122896641.0,0.0,1059262917.0,507137305.0
5,Drake,One Dance,714508129.0,0.0,3192204066.0,456806913.0
6,Drake,Take Care,499293917.0,0.0,622498643.0,454602464.0
7,Drake,Passionfruit,176739390.0,7711539.0,1625307365.0,410329826.0
8,Drake,Nonstop,283709268.0,6347238.0,1118459427.0,409939539.0
9,Drake,Knife Talk (with 21 Savage ft. Project Pat),96181566.0,43754739.0,732652170.0,247680355.0
